Date,"Total Enabled Membership","Enabled Full Members","Enabled Guests","Daily active members","Daily members posting messages","Weekly active members","Weekly members posting messages","Messages in public channels","Messages in private channels","Messages in shared channels","Messages in DMs","Percent of messages, public channels","Percent of messages, private channels","Percent of messages, DMs","Percent of views, public channels","Percent of views, private channels","Percent of views, DMs","Total Full Members","Total Guests","Total Claimed Full Members","Total Claimed Guests","Total Members","Total Claimed Members","Files uploaded","Messages posted by members",Name,"Public channels, single-workspace","Messages posted","Messages posted by apps"
2020-03-16,20,20,0,17,9,17,9,11,0,0,50,0.1803,0,0.8197,0.54,0,0.46,0,0,0,0,0,0,0,61,0,3,82,0
2020-03-17,36,36,0,29,17,31,21,39,0,0,32,0.5493,0,0.4507,0.7641,0,0.2359,0,0,0,0,0,0,1,71,0,3,89,0
2020-03-18,45,45,0,39,25,40,30,138,0,0,30,0.8214,0,0.1786,0.9155,0,0.0845,0,0,0,0,0,0,0,168,0,3,183,0
2020-03-19,49,49,0,35,18,42,32,58,0,0,16,0.7838,0,0.2162,0.8805,0,0.1195,0,0,0,0,0,0,2,74,0,3,101,0
2020-03-20,54,54,0,36,15,49,38,40,0,0,7,0.8511,0,0.1489,0.9237,0,0.0763,0,0,0,0,0,0,2,47,0,4,67,0
2020-03-21,55,55,0,26,9,50,39,12,0,0,4,0.75,0,0.25,0.9352,0,0.0648,0,0,0,0,0,0,0,16,0,4,17,0
2020-03-22,55,55,0,14,6,50,39,3,0,0,18,0.1429,0,0.8571,0.6377,0,0.3623,0,0,0,0,0,0,0,21,0,4,21,0
2020-03-23,54,54,0,37,15,50,39,33,0,0,37,0.4714,0,0.5286,0.7753,0,0.2247,0,0,0,0,0,0,5,70,0,13,89,0
2020-03-24,57,57,0,38,10,52,38,34,0,0,33,0.5075,0,0.4925,0.7962,0,0.2038,0,0,0,0,0,0,1,67,0,15,77,0
2020-03-25,59,59,0,38,17,52,34,93,0,0,525,0.1505,0,0.8495,0.2636,0,0.7364,0,0,0,0,0,0,21,618,0,15,651,2
2020-03-26,59,59,0,34,15,50,31,68,0,0,89,0.4331,0,0.5669,0.5854,0,0.4146,0,0,0,0,0,0,0,157,0,15,160,0
2020-03-27,61,61,0,32,12,49,26,20,0,0,123,0.1399,0,0.8601,0.471,0,0.529,0,0,0,0,0,0,4,143,0,15,151,0
2020-03-28,61,61,0,23,9,50,27,13,0,0,17,0.4333,0,0.5667,0.8466,0,0.1534,0,0,0,0,0,0,0,30,0,15,30,0
2020-03-29,61,61,0,18,6,50,27,5,0,0,10,0.3333,0,0.6667,0.75,0,0.25,0,0,0,0,0,0,0,15,0,15,16,0
2020-03-30,61,61,0,35,17,47,26,43,14,0,129,0.2312,0.0753,0.6935,0.5561,0.0374,0.4065,0,0,0,0,0,0,0,186,0,15,196,1
2020-03-31,61,61,0,34,17,45,26,52,0,0,118,0.3059,0,0.6941,0.539,0,0.461,0,0,0,0,0,0,0,170,0,15,172,0
2020-04-01,61,61,0,36,18,44,26,105,0,0,121,0.4646,0,0.5354,0.7025,0,0.2975,0,0,0,0,0,0,2,226,0,15,229,0
2020-04-02,61,61,0,24,12,43,26,61,0,0,59,0.5083,0,0.4917,0.6766,0,0.3234,0,0,0,0,0,0,2,120,0,15,122,0
2020-04-03,61,61,0,31,17,43,26,46,1,0,90,0.3358,0.0073,0.6569,0.6553,0.0108,0.3339,0,0,0,0,0,0,1,137,0,16,138,0
2020-04-04,61,61,0,22,6,42,26,4,0,0,16,0.2,0,0.8,0.7,0.0222,0.2778,0,0,0,0,0,0,0,20,0,16,20,0
2020-04-05,101,101,0,43,13,55,25,20,0,0,121,0.1418,0,0.8582,0.6386,0.0031,0.3583,0,0,0,0,0,0,2,141,0,14,158,1
2020-04-06,184,184,0,97,28,108,37,44,44,0,120,0.2115,0.2115,0.5769,0.6176,0.1858,0.1966,0,0,0,0,0,0,1,208,0,14,267,0
2020-04-07,258,258,0,178,59,199,75,75,92,0,198,0.2055,0.2521,0.5425,0.7018,0.1131,0.1852,0,0,0,0,0,0,8,365,0,14,462,1
2020-04-08,288,288,0,177,48,241,94,49,128,0,293,0.1043,0.2723,0.6234,0.5973,0.1261,0.2765,0,0,0,0,0,0,8,470,0,14,599,0
2020-04-09,314,314,0,196,37,266,106,54,144,0,95,0.1843,0.4915,0.3242,0.7172,0.1628,0.12,0,0,0,0,0,0,10,293,0,14,420,0
2020-04-10,322,322,0,159,32,281,113,58,113,0,68,0.2427,0.4728,0.2845,0.6393,0.2281,0.1326,0,0,0,0,0,0,4,239,0,14,359,0
2020-04-11,329,329,0,105,16,291,116,21,19,0,33,0.2877,0.2603,0.4521,0.7961,0.0801,0.1239,0,0,0,0,0,0,3,73,0,14,94,3
2020-04-12,337,337,0,60,10,293,117,10,7,0,47,0.1563,0.1094,0.7344,0.5816,0.1122,0.3061,0,0,0,0,0,0,0,64,0,14,66,0
2020-04-13,346,346,0,149,28,300,111,77,61,0,150,0.2674,0.2118,0.5208,0.7022,0.1149,0.1829,0,0,0,0,0,0,0,288,0,14,357,2
2020-04-14,356,356,0,165,21,299,83,16,53,0,86,0.1032,0.3419,0.5548,0.6829,0.1399,0.1771,0,0,0,0,0,0,1,155,0,14,218,4
2020-04-15,373,373,0,168,35,289,73,55,89,0,213,0.1541,0.2493,0.5966,0.5905,0.183,0.2264,0,0,0,0,0,0,11,357,0,14,421,1
2020-04-16,378,378,0,134,28,268,66,40,55,0,38,0.3008,0.4135,0.2857,0.7585,0.1523,0.0891,0,0,0,0,0,0,2,133,0,14,168,4
2020-04-17,382,382,0,152,27,280,60,89,12,0,55,0.5705,0.0769,0.3526,0.8349,0.0495,0.1157,0,0,0,0,0,0,0,156,0,16,192,2
2020-04-18,386,386,0,83,12,281,58,12,8,0,44,0.1875,0.125,0.6875,0.7243,0.0832,0.1926,0,0,0,0,0,0,1,64,0,16,69,2
2020-04-19,400,400,0,55,11,280,58,11,13,0,8,0.3438,0.4063,0.25,0.7699,0.159,0.0711,0,0,0,0,0,0,0,32,0,16,36,0
2020-04-20,404,404,0,151,20,281,54,96,53,0,95,0.3934,0.2172,0.3893,0.739,0.1186,0.1423,0,0,0,0,0,0,4,244,0,16,295,3
2020-04-21,410,410,0,139,19,270,56,22,47,0,125,0.1134,0.2423,0.6443,0.6374,0.1644,0.1981,0,0,0,0,0,0,4,194,0,16,225,3
2020-04-22,411,411,0,141,23,258,49,25,67,0,40,0.1894,0.5076,0.303,0.6948,0.2072,0.0979,0,0,0,0,0,0,1,132,0,16,172,1
2020-04-23,414,414,0,120,18,253,46,35,8,0,78,0.2893,0.0661,0.6446,0.7515,0.0307,0.2178,0,0,0,0,0,0,1,121,0,16,154,1
2020-04-24,415,415,0,112,18,240,41,45,30,0,5,0.5625,0.375,0.0625,0.8109,0.1611,0.028,0,0,0,0,0,0,4,80,0,16,108,3
2020-04-25,417,417,0,68,9,239,40,4,9,0,12,0.16,0.36,0.48,0.7716,0.1164,0.1121,0,0,0,0,0,0,0,25,0,16,43,1
2020-04-26,418,418,0,77,12,239,39,19,6,0,32,0.3333,0.1053,0.5614,0.758,0.0452,0.1968,0,0,0,0,0,0,2,57,0,16,89,2
2020-04-27,420,420,0,115,24,231,42,67,5,0,156,0.2939,0.0219,0.6842,0.6776,0.0263,0.2961,0,0,0,0,0,0,7,228,0,16,247,2
2020-04-28,424,424,0,117,26,222,44,46,42,0,74,0.284,0.2593,0.4568,0.7376,0.1095,0.1529,0,0,0,0,0,0,8,162,0,16,190,3
2020-04-29,424,424,0,114,27,213,42,64,42,0,128,0.2735,0.1795,0.547,0.6201,0.1218,0.2581,0,0,0,0,0,0,1,234,0,16,262,2
2020-04-30,426,426,0,121,18,207,42,51,11,0,73,0.3778,0.0815,0.5407,0.7521,0.0627,0.1852,0,0,0,0,0,0,6,135,0,16,159,1
2020-05-01,428,428,0,102,24,201,44,23,12,0,149,0.125,0.0652,0.8098,0.6054,0.0578,0.3368,0,0,0,0,0,0,2,184,0,16,195,1
2020-05-02,429,429,0,70,10,203,44,10,3,0,7,0.5,0.15,0.35,0.8,0.1149,0.0851,0,0,0,0,0,0,0,20,0,16,24,3
2020-05-03,429,429,0,56,6,202,45,3,6,0,6,0.2,0.4,0.4,0.8475,0.096,0.0565,0,0,0,0,0,0,2,15,0,16,20,1
2020-05-04,432,432,0,111,26,200,44,25,19,0,138,0.1374,0.1044,0.7582,0.6015,0.0668,0.3317,0,0,0,0,0,0,2,182,0,16,197,1
2020-05-05,439,439,0,92,16,201,46,17,28,0,130,0.0971,0.16,0.7429,0.5231,0.1324,0.3445,0,0,0,0,0,0,5,175,0,16,192,3
2020-05-06,451,451,0,131,24,210,43,68,84,0,166,0.2138,0.2642,0.522,0.5824,0.1875,0.2301,0,0,0,0,0,0,11,318,0,16,379,1
2020-05-07,453,453,0,103,27,207,46,25,32,0,30,0.2874,0.3678,0.3448,0.6573,0.2034,0.1394,0,0,0,0,0,0,3,87,0,16,112,1
2020-05-08,455,455,0,91,13,197,44,5,5,0,22,0.1563,0.1563,0.6875,0.7911,0.0548,0.1541,0,0,0,0,0,0,1,32,0,16,49,0
2020-05-09,455,455,0,54,9,197,44,4,2,0,24,0.1333,0.0667,0.8,0.7602,0.0175,0.2222,0,0,0,0,0,0,0,30,0,16,32,1
2020-05-10,458,458,0,44,8,196,43,2,5,0,95,0.0196,0.049,0.9314,0.304,0.0696,0.6264,0,0,0,0,0,0,1,102,0,16,106,1
2020-05-11,460,460,0,102,10,193,39,10,2,0,231,0.0412,0.0082,0.9506,0.4868,0.0201,0.4931,0,0,0,0,0,0,4,243,0,16,268,0
2020-05-12,463,463,0,99,14,196,39,7,11,0,45,0.1111,0.1746,0.7143,0.6888,0.098,0.2133,0,0,0,0,0,0,0,63,0,16,81,2
2020-05-13,466,466,0,101,21,188,37,26,23,0,205,0.1024,0.0906,0.8071,0.5102,0.0539,0.4359,0,0,0,0,0,0,1,254,0,17,269,1
2020-05-14,469,469,0,114,19,185,35,20,16,0,57,0.2151,0.172,0.6129,0.7189,0.1039,0.1772,0,0,0,0,0,0,2,93,0,17,112,1
2020-05-15,469,469,0,105,16,185,33,10,28,0,58,0.1042,0.2917,0.6042,0.5988,0.1624,0.2387,0,0,0,0,0,0,5,96,0,17,126,0
2020-05-16,470,470,0,34,6,187,33,1,22,0,3,0.0385,0.8462,0.1154,0.5146,0.4272,0.0583,0,0,0,0,0,0,1,26,0,17,28,0
2020-05-17,471,471,0,32,6,190,32,1,12,0,1,0.0714,0.8571,0.0714,0.5146,0.4078,0.0777,0,0,0,0,0,0,1,14,0,17,18,1
2020-05-18,474,474,0,92,16,182,32,10,13,0,31,0.1852,0.2407,0.5741,0.7205,0.1231,0.1564,0,0,0,0,0,0,1,54,0,17,63,1
2020-05-19,474,474,0,104,20,184,34,15,22,0,192,0.0655,0.0961,0.8384,0.4621,0.0922,0.4457,0,0,0,0,0,0,6,229,0,17,248,3
2020-05-20,476,476,0,103,15,190,31,26,21,0,60,0.243,0.1963,0.5607,0.6747,0.1308,0.1945,0,0,0,0,0,0,2,107,0,17,118,1
2020-05-21,477,477,0,65,13,187,28,2,16,0,100,0.0169,0.1356,0.8475,0.3077,0.0994,0.5929,0,0,0,0,0,0,5,118,0,17,141,0
2020-05-22,477,477,0,65,14,176,27,29,12,0,31,0.4028,0.1667,0.4306,0.6907,0.1291,0.1802,0,0,0,0,0,0,6,72,0,17,84,0
2020-05-23,477,477,0,35,7,176,27,6,1,0,9,0.375,0.0625,0.5625,0.7176,0.0471,0.2353,0,0,0,0,0,0,1,16,0,17,17,0
2020-05-24,477,477,0,32,5,176,28,5,0,0,2,0.7143,0,0.2857,0.8947,0.0263,0.0789,0,0,0,0,0,0,0,7,0,17,8,1
2020-05-25,478,478,0,46,8,172,28,21,1,0,31,0.3962,0.0189,0.5849,0.575,0.0563,0.3688,0,0,0,0,0,0,3,53,0,17,62,0
2020-05-26,480,480,0,81,13,169,29,12,4,0,24,0.3,0.1,0.6,0.7652,0.0795,0.1553,0,0,0,0,0,0,0,40,0,17,61,2
2020-05-27,481,481,0,86,16,161,28,20,8,0,123,0.1325,0.053,0.8146,0.553,0.0618,0.3852,0,0,0,0,0,0,2,151,0,17,163,1
2020-05-28,481,481,0,80,12,151,28,6,0,0,27,0.1818,0,0.8182,0.7949,0.0037,0.2015,0,0,0,0,0,0,4,33,0,17,52,1
2020-05-29,481,481,0,52,12,154,30,2,3,0,34,0.0513,0.0769,0.8718,0.5515,0.0727,0.3758,0,0,0,0,0,0,1,39,0,17,53,0
2020-05-30,481,481,0,21,7,150,29,3,0,0,21,0.125,0,0.875,0.4035,0.0351,0.5614,0,0,0,0,0,0,1,24,0,17,26,0
2020-05-31,481,481,0,17,3,147,28,2,1,0,3,0.3333,0.1667,0.5,0.6129,0.0968,0.2903,0,0,0,0,0,0,0,6,0,17,7,1
2020-06-01,482,482,0,66,17,152,30,13,12,0,53,0.1667,0.1538,0.6795,0.5559,0.1708,0.2733,0,0,0,0,0,0,3,78,0,17,118,1
2020-06-02,482,482,0,66,17,149,30,6,14,0,62,0.0732,0.1707,0.7561,0.339,0.261,0.4,0,0,0,0,0,0,0,82,0,17,90,1
2020-06-03,482,482,0,87,22,144,34,50,17,0,32,0.5051,0.1717,0.3232,0.7921,0.0832,0.1248,0,0,0,0,0,0,0,99,0,17,104,1
2020-06-04,482,482,0,77,10,144,33,7,5,0,43,0.1273,0.0909,0.7818,0.5878,0.1143,0.298,0,0,0,0,0,0,4,55,0,17,64,1
2020-06-05,486,486,0,70,13,151,31,4,8,0,58,0.0571,0.1143,0.8286,0.5906,0.1074,0.302,0,0,0,0,0,0,0,70,0,17,73,1
2020-06-06,487,487,0,24,6,152,31,2,0,0,4,0.3333,0,0.6667,0.7447,0.0426,0.2128,0,0,0,0,0,0,0,6,0,17,14,0
2020-06-07,487,487,0,32,6,153,32,3,0,0,6,0.3333,0,0.6667,0.7595,0.0127,0.2278,0,0,0,0,0,0,0,9,0,17,9,0
2020-06-08,490,490,0,137,16,183,35,37,3,0,94,0.2761,0.0224,0.7015,0.7238,0.0262,0.25,0,0,0,0,0,0,4,134,0,17,157,3
2020-06-09,491,491,0,112,16,197,31,24,13,0,192,0.1048,0.0568,0.8384,0.4645,0.0696,0.4659,0,0,0,0,0,0,5,229,0,17,246,1
2020-06-10,492,492,0,66,10,201,27,8,3,0,50,0.1311,0.0492,0.8197,0.5941,0.0886,0.3173,0,0,0,0,0,0,2,61,0,17,73,1
2020-06-11,492,492,0,50,13,194,26,11,13,0,78,0.1078,0.1275,0.7647,0.4216,0.1254,0.453,0,0,0,0,0,0,2,102,0,17,119,0
2020-06-12,493,493,0,42,13,192,29,8,0,0,111,0.0672,0,0.9328,0.4378,0.0162,0.5459,0,0,0,0,0,0,2,119,0,17,135,0
2020-06-13,493,493,0,18,0,199,28,0,0,0,0,0,0,0,1,0,0,0,0,0,0,0,0,0,0,0,17,0,0
2020-06-14,493,493,0,7,0,200,28,0,0,0,0,0,0,0,0.8125,0,0.1875,0,0,0,0,0,0,0,0,0,17,0,0
2020-06-15,493,493,0,46,16,177,27,36,7,0,73,0.3103,0.0603,0.6293,0.7119,0.0535,0.2346,0,0,0,0,0,0,0,116,0,17,130,1
2020-06-16,497,497,0,69,16,150,29,4,0,0,103,0.0374,0,0.9626,0.5288,0.0288,0.4423,0,0,0,0,0,0,1,107,0,17,148,0
2020-06-17,499,499,0,76,16,143,29,41,0,0,176,0.1889,0,0.8111,0.5359,0.0026,0.4615,0,0,0,0,0,0,4,217,0,17,230,1
2020-06-18,502,502,0,74,8,147,28,8,0,0,97,0.0762,0,0.9238,0.6639,0,0.3361,0,0,0,0,0,0,1,105,0,17,114,0
2020-06-19,502,502,0,46,8,141,26,11,0,0,169,0.0611,0,0.9389,0.3408,0,0.6592,0,0,0,0,0,0,7,180,0,17,200,0
2020-06-20,502,502,0,22,5,133,26,2,0,0,12,0.1429,0,0.8571,0.775,0,0.225,0,0,0,0,0,0,0,14,0,17,14,0
2020-06-21,506,506,0,23,3,139,26,4,0,0,1,0.8,0,0.2,0.9024,0,0.0976,0,0,0,0,0,0,0,5,0,17,8,1
2020-06-22,509,509,0,43,12,143,25,19,19,0,27,0.2923,0.2923,0.4154,0.7089,0.1013,0.1899,0,0,0,0,0,0,0,65,0,17,75,0
2020-06-23,510,510,0,42,10,141,22,8,2,0,111,0.0661,0.0165,0.9174,0.3349,0.0465,0.6186,0,0,0,0,0,0,1,121,0,17,132,0
2020-06-24,511,511,0,104,14,153,21,23,10,0,210,0.0947,0.0412,0.8642,0.5849,0.0351,0.3801,0,0,0,0,0,0,4,243,0,17,257,1
2020-06-25,511,511,0,74,13,159,23,7,0,0,86,0.0753,0,0.9247,0.5727,0,0.4273,0,0,0,0,0,0,7,93,0,17,106,0
2020-06-26,511,511,0,65,12,165,24,7,0,0,126,0.0526,0,0.9474,0.4669,0,0.5331,0,0,0,0,0,0,0,133,0,17,139,0
2020-06-27,513,513,0,37,10,167,25,7,0,0,24,0.2258,0,0.7742,0.8095,0,0.1905,0,0,0,0,0,0,0,31,0,17,31,0
2020-06-28,518,518,0,30,7,166,27,3,3,0,41,0.0638,0.0638,0.8723,0.4646,0.0606,0.4747,0,0,0,0,0,0,0,47,0,17,48,0
2020-06-29,519,519,0,78,16,170,30,21,6,0,129,0.1346,0.0385,0.8269,0.6499,0.024,0.3261,0,0,0,0,0,0,2,156,0,17,169,1
2020-06-30,520,520,0,78,14,171,29,12,4,0,147,0.0736,0.0245,0.9018,0.5235,0.0111,0.4654,0,0,0,0,0,0,2,163,0,17,175,2
2020-07-01,523,523,0,76,16,161,33,50,6,0,115,0.2924,0.0351,0.6725,0.743,0.0241,0.2329,0,0,0,0,0,0,5,171,0,17,192,2
2020-07-02,523,523,0,74,12,151,33,24,1,0,36,0.3934,0.0164,0.5902,0.9327,0.0088,0.0585,0,0,0,0,0,0,6,61,0,17,81,1
2020-07-03,525,525,0,59,3,144,32,2,0,0,8,0.2,0,0.8,0.9154,0,0.0846,0,0,0,0,0,0,0,10,0,17,15,1
2020-07-04,525,525,0,34,3,141,31,1,0,0,3,0.25,0,0.75,0.9206,0.0159,0.0635,0,0,0,0,0,0,0,4,0,17,10,3
2020-07-05,525,525,0,15,2,139,29,0,0,0,2,0,0,1,0.6875,0.0938,0.2188,0,0,0,0,0,0,1,2,0,17,3,0
2020-07-06,528,528,0,69,11,135,27,15,3,0,82,0.15,0.03,0.82,0.6772,0.0246,0.2982,0,0,0,0,0,0,2,100,0,17,112,2
2020-07-07,529,529,0,75,10,136,26,16,7,0,93,0.1379,0.0603,0.8017,0.7643,0.0248,0.2109,0,0,0,0,0,0,0,116,0,17,132,5
2020-07-08,532,532,0,75,11,141,23,23,18,0,52,0.2473,0.1935,0.5591,0.8042,0.0313,0.1645,0,0,0,0,0,0,3,93,0,17,106,2
2020-07-09,533,533,0,67,12,136,24,17,0,0,47,0.2656,0,0.7344,0.7727,0.0227,0.2045,0,0,0,0,0,0,1,64,0,17,80,2
2020-07-10,534,534,0,65,5,134,23,2,0,0,130,0.0152,0,0.9848,0.5907,0,0.4093,0,0,0,0,0,0,0,132,0,17,144,2
2020-07-11,535,535,0,12,4,135,23,0,0,0,13,0,0,1,0.4688,0.0313,0.5,0,0,0,0,0,0,0,13,0,17,15,0
2020-07-12,535,535,0,11,2,133,23,0,0,0,15,0,0,1,0.4194,0,0.5806,0,0,0,0,0,0,1,15,0,17,17,0
2020-07-13,536,536,0,67,5,137,21,4,1,0,98,0.0388,0.0097,0.9515,0.6444,0.0167,0.3389,0,0,0,0,0,0,1,103,0,17,113,2
2020-07-14,539,539,0,64,7,138,20,6,0,0,10,0.375,0,0.625,0.9054,0,0.0946,0,0,0,0,0,0,0,16,0,17,24,1
2020-07-15,540,540,0,99,17,150,25,9,1,0,98,0.0833,0.0093,0.9074,0.6896,0.0357,0.2747,0,0,0,0,0,0,2,108,0,17,121,2
2020-07-16,540,540,0,66,12,150,25,13,0,0,41,0.2407,0,0.7593,0.8594,0.0052,0.1354,0,0,0,0,0,0,0,54,0,17,63,1
2020-07-17,541,541,0,58,8,143,26,21,0,0,1,0.9545,0,0.0455,0.9946,0,0.0054,0,0,0,0,0,0,2,22,0,17,28,1
2020-07-18,541,541,0,16,3,143,26,6,0,0,0,1,0,0,0.9643,0,0.0357,0,0,0,0,0,0,0,6,0,17,14,0
2020-07-19,541,541,0,15,4,141,27,6,4,0,0,0.6,0.4,0,0.8438,0.1563,0,0,0,0,0,0,0,1,10,0,17,12,1
2020-07-20,542,542,0,51,7,138,27,14,2,0,7,0.6087,0.087,0.3043,0.8967,0.0543,0.0489,0,0,0,0,0,0,1,23,0,17,32,1
2020-07-21,544,544,0,65,6,141,26,9,0,0,5,0.6429,0,0.3571,0.9455,0.0091,0.0455,0,0,0,0,0,0,0,14,0,17,23,2
2020-07-22,544,544,0,66,12,121,23,13,6,0,27,0.2826,0.1304,0.587,0.8079,0.0339,0.1582,0,0,0,0,0,0,1,46,0,17,53,1
2020-07-23,544,544,0,51,8,113,19,4,16,0,8,0.1429,0.5714,0.2857,0.7557,0.1527,0.0916,0,0,0,0,0,0,0,28,0,17,35,1
2020-07-24,544,544,0,60,10,116,21,39,1,0,29,0.5652,0.0145,0.4203,0.851,0.0144,0.1346,0,0,0,0,0,0,8,69,0,17,90,2
2020-07-25,544,544,0,23,2,114,22,1,0,0,3,0.25,0,0.75,0.8182,0,0.1818,0,0,0,0,0,0,1,4,0,17,5,0
2020-07-26,544,544,0,23,5,112,21,1,0,0,50,0.0196,0,0.9804,0.4125,0,0.5875,0,0,0,0,0,0,9,51,0,17,56,1
2020-07-27,544,544,0,69,9,120,23,13,2,0,38,0.2453,0.0377,0.717,0.8193,0.008,0.1727,0,0,0,0,0,0,8,53,0,17,67,1
2020-07-28,547,547,0,65,11,116,25,9,0,0,97,0.0849,0,0.9151,0.6542,0.0047,0.3411,0,0,0,0,0,0,16,106,0,17,121,1
2020-07-29,547,547,0,69,12,114,25,17,0,0,41,0.2931,0,0.7069,0.8103,0.0079,0.1818,0,0,0,0,0,0,2,58,0,17,68,1
2020-07-30,550,550,0,56,7,120,26,30,0,0,44,0.4054,0,0.5946,0.8447,0.0049,0.1505,0,0,0,0,0,0,0,74,0,17,79,1
2020-07-31,553,553,0,55,1,116,23,1,0,0,0,1,0,0,0.9588,0,0.0412,0,0,0,0,0,0,0,1,0,17,17,1
2020-08-01,553,553,0,20,4,115,22,1,0,0,4,0.2,0,0.8,0.7353,0,0.2647,0,0,0,0,0,0,0,5,0,17,7,0
2020-08-02,553,553,0,27,3,115,22,0,0,0,14,0,0,1,0.791,0.0149,0.194,0,0,0,0,0,0,1,14,0,17,16,1
2020-08-03,554,554,0,64,10,112,20,2,4,0,67,0.0274,0.0548,0.9178,0.6971,0.0385,0.2644,0,0,0,0,0,0,1,73,0,17,81,1
2020-08-04,554,554,0,53,9,108,20,1,0,0,24,0.04,0,0.96,0.7287,0.0078,0.2636,0,0,0,0,0,0,0,25,0,17,44,1
2020-08-05,555,555,0,57,10,100,18,8,0,0,19,0.2963,0,0.7037,0.894,0,0.106,0,0,0,0,0,0,0,27,0,17,34,1
2020-08-06,555,555,0,57,9,105,18,4,0,0,41,0.0889,0,0.9111,0.745,0,0.255,0,0,0,0,0,0,2,45,0,17,56,1
2020-08-07,555,555,0,51,8,105,20,27,0,0,19,0.587,0,0.413,0.8992,0,0.1008,0,0,0,0,0,0,0,46,0,17,50,1
2020-08-08,555,555,0,19,6,105,20,11,0,0,17,0.3929,0,0.6071,0.5932,0,0.4068,0,0,0,0,0,0,2,28,0,17,30,0
2020-08-09,555,555,0,11,3,105,20,2,0,0,12,0.1429,0,0.8571,0.5833,0,0.4167,0,0,0,0,0,0,0,14,0,17,14,0
2020-08-10,556,556,0,58,6,105,19,1,0,0,84,0.0118,0,0.9882,0.5084,0,0.4916,0,0,0,0,0,0,3,85,0,17,93,1
2020-08-11,556,556,0,56,8,104,18,2,1,0,265,0.0075,0.0037,0.9888,0.3019,0.0162,0.6818,0,0,0,0,0,0,3,268,0,17,276,1
2020-08-12,556,556,0,55,5,107,15,0,2,0,29,0,0.0645,0.9355,0.8283,0.0404,0.1313,0,0,0,0,0,0,0,31,0,17,36,1
2020-08-13,556,556,0,55,5,106,13,2,0,0,20,0.0909,0,0.9091,0.7253,0.011,0.2637,0,0,0,0,0,0,0,22,0,17,28,1
2020-08-14,556,556,0,45,6,105,14,0,0,0,91,0,0,1,0.4392,0,0.5608,0,0,0,0,0,0,3,91,0,17,99,1
2020-08-15,556,556,0,15,5,102,13,1,1,0,12,0.0714,0.0714,0.8571,0.375,0.1,0.525,0,0,0,0,0,0,0,14,0,17,14,0
2020-08-16,556,556,0,35,3,105,14,3,1,0,1,0.6,0.2,0.2,0.8958,0.0417,0.0625,0,0,0,0,0,0,0,5,0,17,5,0
2020-08-17,556,556,0,55,3,100,13,0,0,0,7,0,0,1,0.8679,0.0094,0.1226,0,0,0,0,0,0,0,7,0,17,11,1
2020-08-18,557,557,0,43,4,99,13,0,0,0,9,0,0,1,0.8182,0.0152,0.1667,0,0,0,0,0,0,2,9,0,17,17,1
2020-08-19,557,557,0,55,6,97,12,2,1,0,37,0.05,0.025,0.925,0.6519,0.0127,0.3354,0,0,0,0,0,0,0,40,0,17,43,1
2020-08-20,557,557,0,49,6,96,13,1,5,0,44,0.02,0.1,0.88,0.5391,0.0625,0.3984,0,0,0,0,0,0,0,50,0,17,56,1
2020-08-21,558,558,0,47,6,96,13,3,0,0,18,0.1429,0,0.8571,0.6875,0,0.3125,0,0,0,0,0,0,0,21,0,17,24,1
2020-08-22,558,558,0,18,3,99,14,5,0,0,1,0.8333,0,0.1667,0.9355,0,0.0645,0,0,0,0,0,0,0,6,0,17,6,0
2020-08-23,558,558,0,15,1,94,13,0,0,0,2,0,0,1,0.9524,0,0.0476,0,0,0,0,0,0,0,2,0,17,3,0
2020-08-24,560,560,0,43,7,95,13,2,0,0,20,0.0909,0,0.9091,0.7333,0,0.2667,0,0,0,0,0,0,0,22,0,17,27,1
2020-08-25,560,560,0,29,4,93,12,0,0,0,22,0,0,1,0.5806,0.0161,0.4032,0,0,0,0,0,0,0,22,0,17,28,0
2020-08-26,560,560,0,21,2,96,12,0,0,0,13,0,0,1,0.7027,0,0.2973,0,0,0,0,0,0,0,13,0,17,15,0
2020-08-27,560,560,0,23,4,100,13,20,0,0,133,0.1307,0,0.8693,0.2747,0.0055,0.7198,0,0,0,0,0,0,1,153,0,17,164,0
2020-08-28,560,560,0,18,4,93,12,7,0,0,9,0.4375,0,0.5625,0.6857,0.0286,0.2857,0,0,0,0,0,0,0,16,0,17,20,0
2020-08-29,560,560,0,4,0,93,11,0,0,0,0,0,0,0,1,0,0,0,0,0,0,0,0,0,0,0,17,0,0
2020-08-30,560,560,0,6,2,94,12,0,0,0,75,0,0,1,0.0635,0,0.9365,0,0,0,0,0,0,1,75,0,17,77,0
2020-08-31,560,560,0,11,0,82,9,0,0,0,0,0,0,0,1,0,0,0,0,0,0,0,0,0,0,0,17,5,0
2020-09-01,560,560,0,14,2,74,8,0,0,0,31,0,0,1,0.6071,0.0357,0.3571,0,0,0,0,0,0,0,31,0,17,39,0
2020-09-02,560,560,0,9,2,65,7,0,0,0,193,0,0,1,0.0711,0,0.9289,0,0,0,0,0,0,1,193,0,17,198,0
2020-09-03,562,562,0,9,3,59,7,1,0,0,8,0.1111,0,0.8889,0.44,0,0.56,0,0,0,0,0,0,2,9,0,17,21,0
2020-09-04,563,563,0,11,6,51,7,0,0,0,144,0,0,1,0.0145,0,0.9855,0,0,0,0,0,0,1,144,0,17,151,0
2020-09-05,563,563,0,5,2,49,7,0,0,0,17,0,0,1,0.2143,0,0.7857,0,0,0,0,0,0,0,17,0,17,20,0
2020-09-06,563,563,0,3,2,46,8,0,0,0,9,0,0,1,0.0909,0,0.9091,0,0,0,0,0,0,0,9,0,17,9,0
2020-09-07,563,563,0,3,0,38,8,0,0,0,0,0,0,0,0.6,0,0.4,0,0,0,0,0,0,0,0,0,17,4,0
2020-09-08,563,563,0,20,5,41,9,6,0,0,101,0.0561,0,0.9439,0.2727,0,0.7273,0,0,0,0,0,0,1,107,0,17,114,0
2020-09-09,563,563,0,10,3,41,10,0,0,0,53,0,0,1,0.1538,0,0.8462,0,0,0,0,0,0,2,53,0,17,60,0
2020-09-10,563,563,0,20,5,49,11,5,0,0,17,0.2273,0,0.7727,0.4808,0,0.5192,0,0,0,0,0,0,1,22,0,17,29,0
2020-09-11,565,565,0,19,4,57,11,5,0,0,2,0.7143,0,0.2857,0.9063,0,0.0938,0,0,0,0,0,0,0,7,0,17,11,0
2020-09-12,565,565,0,14,2,60,12,2,0,0,0,1,0,0,1,0,0,0,0,0,0,0,0,0,2,0,17,2,0
2020-09-13,565,565,0,13,2,63,12,3,0,0,90,0.0323,0,0.9677,0.2062,0,0.7938,0,0,0,0,0,0,0,93,0,17,95,0
2020-09-14,565,565,0,18,1,71,12,0,0,0,5,0,0,1,0.8889,0,0.1111,0,0,0,0,0,0,0,5,0,17,16,0
2020-09-15,565,565,0,11,4,69,13,0,0,0,12,0,0,1,0.6667,0,0.3333,0,0,0,0,0,0,0,12,0,17,15,0
2020-09-16,565,565,0,44,4,86,14,5,0,0,16,0.2381,0,0.7619,0.9518,0,0.0482,0,0,0,0,0,0,0,21,0,17,24,0
2020-09-17,566,566,0,41,8,95,14,40,1,0,45,0.4651,0.0116,0.5233,0.7429,0.0686,0.1886,0,0,0,0,0,0,2,86,0,17,92,0
2020-09-18,566,566,0,99,6,136,13,4,1,0,204,0.0191,0.0048,0.9761,0.4929,0.0028,0.5042,0,0,0,0,0,0,0,209,0,17,215,0
2020-09-19,566,566,0,14,0,139,13,0,0,0,0,0,0,0,0.9524,0,0.0476,0,0,0,0,0,0,0,0,0,17,0,0
2020-09-20,566,566,0,9,0,140,12,0,0,0,0,0,0,0,0.9286,0.0714,0,0,0,0,0,0,0,0,0,0,17,1,0
2020-09-21,566,566,0,22,4,145,14,2,0,0,8,0.2,0,0.8,0.9211,0,0.0789,0,0,0,0,0,0,0,10,0,17,12,0
2020-09-22,566,566,0,16,0,148,13,0,0,0,0,0,0,0,0.9677,0.0323,0,0,0,0,0,0,0,0,0,0,17,5,0
2020-09-23,566,566,0,19,1,149,13,1,0,0,0,1,0,0,1,0,0,0,0,0,0,0,0,0,1,0,17,3,0
2020-09-24,566,566,0,14,5,153,12,2,0,0,9,0.1818,0,0.8182,0.6429,0,0.3571,0,0,0,0,0,0,0,11,0,17,15,0
2020-09-25,566,566,0,6,2,84,11,0,0,0,54,0,0,1,0.1017,0,0.8983,0,0,0,0,0,0,0,54,0,17,57,0
2020-09-26,566,566,0,5,0,79,11,0,0,0,0,0,0,0,1,0,0,0,0,0,0,0,0,0,0,0,17,0,0
2020-09-27,566,566,0,5,2,76,13,0,0,0,25,0,0,1,0.1667,0.0238,0.8095,0,0,0,0,0,0,0,25,0,17,25,0
2020-09-28,566,566,0,11,3,65,10,0,0,0,14,0,0,1,0.4412,0.0294,0.5294,0,0,0,0,0,0,0,14,0,17,18,0
2020-09-29,566,566,0,6,1,58,10,0,0,0,1,0,0,1,1,0,0,0,0,0,0,0,0,0,1,0,17,4,0
2020-09-30,566,566,0,3,0,46,9,0,0,0,0,0,0,0,1,0,0,0,0,0,0,0,0,0,0,0,17,8,0
2020-10-01,566,566,0,31,2,57,6,2,0,0,0,1,0,0,0.9767,0,0.0233,0,0,0,0,0,0,0,2,0,17,12,0
2020-10-02,566,566,0,11,0,61,5,0,0,0,0,0,0,0,1,0,0,0,0,0,0,0,0,0,0,0,17,9,0
2020-10-03,566,566,0,4,0,59,5,0,0,0,0,0,0,0,0.75,0,0.25,0,0,0,0,0,0,0,0,0,17,1,0
2020-10-04,566,566,0,2,0,59,5,0,0,0,0,0,0,0,1,0,0,0,0,0,0,0,0,0,0,0,17,3,0
2020-10-05,566,566,0,4,0,54,3,0,0,0,0,0,0,0,1,0,0,0,0,0,0,0,0,0,0,0,17,3,0
2020-10-06,566,566,0,3,0,53,2,0,0,0,0,0,0,0,1,0,0,0,0,0,0,0,0,0,0,0,17,6,0
2020-10-07,566,566,0,5,2,53,3,0,0,0,139,0,0,1,0.0238,0,0.9762,0,0,0,0,0,0,0,139,0,17,143,0
2020-10-08,569,569,0,19,2,43,4,3,0,0,0,1,0,0,0.9063,0,0.0938,0,0,0,0,0,0,0,3,0,17,9,0
2020-10-09,569,569,0,14,0,43,4,0,0,0,0,0,0,0,0.8667,0,0.1333,0,0,0,0,0,0,0,0,0,17,5,0
2020-10-10,569,569,0,1,0,41,4,0,0,0,0,0,0,0,1,0,0,0,0,0,0,0,0,0,0,0,17,1,0
2020-10-11,569,569,0,0,0,39,4,0,0,0,0,0,0,0,0,0,0,0,0,0,0,0,0,0,0,0,17,2,0
2020-10-12,570,570,0,5,1,40,5,0,0,0,1,0,0,1,0.8182,0,0.1818,0,0,0,0,0,0,1,1,0,17,8,0
2020-10-13,570,570,0,29,4,51,7,6,0,0,2,0.75,0,0.25,0.9375,0,0.0625,0,0,0,0,0,0,0,8,0,17,14,0
2020-10-14,570,570,0,39,4,67,7,2,0,0,110,0.0179,0,0.9821,0.3134,0,0.6866,0,0,0,0,0,0,0,112,0,17,114,0
2020-10-15,570,570,0,25,2,67,6,15,0,0,0,1,0,0,1,0,0,0,0,0,0,0,0,0,15,0,17,22,0
2020-10-16,570,570,0,16,2,70,6,0,0,0,40,0,0,1,0.3269,0,0.6731,0,0,0,0,0,0,0,40,0,17,44,0
2020-10-17,572,572,0,3,1,70,7,3,0,0,0,1,0,0,1,0,0,0,0,0,0,0,0,0,3,0,17,3,0
2020-10-18,572,572,0,2,1,71,7,2,0,0,0,1,0,0,1,0,0,0,0,0,0,0,0,0,2,0,17,2,0
2020-10-19,573,573,0,12,4,75,9,1,0,0,13,0.0714,0,0.9286,0.6471,0,0.3529,0,0,0,0,0,0,0,14,0,17,25,0
2020-10-20,573,573,0,24,3,74,9,2,0,0,3,0.4,0,0.6,0.8462,0,0.1538,0,0,0,0,0,0,2,5,0,17,12,0
2020-10-21,573,573,0,25,2,67,9,2,0,0,16,0.1111,0,0.8889,0.6364,0,0.3636,0,0,0,0,0,0,3,18,0,17,29,0
2020-10-22,573,573,0,41,4,77,11,6,0,0,0,1,0,0,1,0,0,650,0,572,0,650,572,0,6,0,17,11,0
2020-10-23,573,573,0,29,1,88,10,1,0,0,0,1,0,0,1,0,0,650,0,572,0,650,572,0,1,0,17,4,0
2020-10-24,573,573,0,1,0,88,10,0,0,0,0,0,0,0,1,0,0,650,0,572,0,650,572,0,0,0,17,0,0
2020-10-25,573,573,0,2,0,88,9,0,0,0,0,0,0,0,1,0,0,650,0,572,0,650,572,0,0,0,17,1,0
2020-10-26,573,573,0,24,4,90,8,7,1,0,0,0.875,0.125,0,0.7955,0.2045,0,650,0,572,0,650,572,0,8,0,17,14,0
2020-10-27,573,573,0,19,0,93,7,0,0,0,0,0,0,0,0.9677,0,0.0323,650,0,572,0,650,572,0,0,0,17,7,0
2020-10-28,573,573,0,16,2,88,7,6,0,0,0,1,0,0,1,0,0,650,0,572,0,650,572,1,6,0,17,14,0
2020-10-29,573,573,0,30,4,79,9,2,0,0,5,0.2857,0,0.7143,0.8571,0.0204,0.1224,650,0,572,0,650,572,0,7,0,17,16,0
2020-10-30,573,573,0,10,2,68,9,0,0,0,12,0,0,1,0.6154,0,0.3846,650,0,572,0,650,572,0,12,0,17,19,0
2020-10-31,574,574,0,4,0,71,9,0,0,0,0,0,0,0,1,0,0,650,0,573,0,650,573,0,0,0,17,0,0
2020-11-01,574,574,0,1,0,71,9,0,0,0,0,0,0,0,1,0,0,650,0,573,0,650,573,0,0,0,17,0,0
2020-11-02,574,574,0,9,0,68,7,0,0,0,0,0,0,0,0.8571,0,0.1429,650,0,573,0,650,573,0,0,0,17,4,0
2020-11-03,574,574,0,16,3,61,9,22,0,0,0,1,0,0,1,0,0,650,0,573,0,650,573,5,22,0,17,29,0
2020-11-04,574,574,0,19,4,63,10,14,0,0,10,0.5833,0,0.4167,0.8636,0,0.1364,650,0,573,0,650,573,0,24,0,17,27,0
2020-11-05,574,574,0,21,4,51,8,51,0,0,0,1,0,0,1,0,0,650,0,573,0,650,573,0,51,0,17,55,0
2020-11-06,574,574,0,19,1,49,7,1,0,0,0,1,0,0,1,0,0,650,0,0,0,650,0,0,1,0,17,13,0
2020-11-07,574,574,0,12,2,51,9,3,0,0,0,1,0,0,1,0,0,650,0,573,0,650,573,0,3,0,17,3,0
2020-11-08,574,574,0,9,0,55,9,0,0,0,0,0,0,0,1,0,0,650,0,573,0,650,573,0,0,0,17,0,0
2020-11-09,574,574,0,28,1,62,10,1,0,0,0,1,0,0,1,0,0,650,0,573,0,650,573,0,1,0,17,4,0
2020-11-10,577,577,0,14,0,70,10,0,0,0,0,0,0,0,0.95,0,0.05,655,0,576,0,655,576,0,0,0,17,7,0
2020-11-11,577,577,0,27,5,68,10,7,3,0,0,0.7,0.3,0,0.9153,0.0847,0,655,0,576,0,655,576,0,10,0,17,12,0
2020-11-12,577,577,0,22,6,68,12,14,1,0,10,0.56,0.04,0.4,0.8193,0.0602,0.1205,655,0,576,0,655,576,4,25,0,17,35,0
2020-11-13,578,578,0,13,0,65,11,0,0,0,0,0,0,0,0.8824,0,0.1176,655,0,577,0,655,577,0,0,0,17,8,0
2020-11-14,578,578,0,3,0,64,9,0,0,0,0,0,0,0,1,0,0,655,0,577,0,655,577,0,0,0,17,2,0
2020-11-15,578,578,0,3,0,60,9,0,0,0,0,0,0,0,0.8571,0.1429,0,655,0,577,0,655,577,0,0,0,17,1,0
2020-11-16,578,578,0,7,1,50,8,0,0,0,1,0,0,1,0.7143,0.1429,0.1429,655,0,577,0,655,577,0,1,0,17,4,0
2020-11-17,578,578,0,7,1,48,8,0,0,0,1,0,0,1,1,0,0,655,0,577,0,655,577,0,1,0,17,6,0
2020-11-18,578,578,0,29,6,58,8,4,0,0,44,0.0833,0,0.9167,0.5165,0,0.4835,655,0,577,0,655,577,1,48,0,17,57,0
2020-11-19,578,578,0,20,2,62,7,0,1,0,1,0,0.5,0.5,0.8519,0.1481,0,655,0,577,0,655,577,0,2,0,17,10,0
2020-11-20,578,578,0,7,2,58,8,0,1,0,1,0,0.5,0.5,0.7273,0.2727,0,655,0,577,0,655,577,0,2,0,17,4,0
2020-11-21,578,578,0,1,0,58,8,0,0,0,0,0,0,0,1,0,0,655,0,577,0,655,577,0,0,0,17,0,0
2020-11-22,578,578,0,15,2,60,9,2,1,0,0,0.6667,0.3333,0,0.7895,0.2105,0,655,0,577,0,655,577,1,3,0,17,4,0
2020-11-23,578,578,0,17,3,58,9,3,0,0,0,1,0,0,0.9583,0.0417,0,655,0,577,0,655,577,0,3,0,17,6,0
2020-11-24,578,578,0,14,1,60,9,0,1,0,0,0,1,0,0.7917,0.1667,0.0417,655,0,577,0,655,577,0,1,0,17,5,0
2020-11-25,578,578,0,13,1,54,6,1,0,0,0,1,0,0,0.96,0,0.04,655,0,577,0,655,577,0,1,0,17,4,0
2020-11-26,578,578,0,13,0,51,4,0,0,0,0,0,0,0,1,0,0,655,0,577,0,655,577,0,0,0,17,4,0
2020-11-27,578,578,0,2,0,49,4,0,0,0,0,0,0,0,0.5,0.5,0,655,0,577,0,655,577,0,0,0,17,12,0
2020-11-28,578,578,0,3,0,51,4,0,0,0,0,0,0,0,1,0,0,655,0,577,0,655,577,0,0,0,17,1,0
2020-11-29,578,578,0,4,0,51,4,0,0,0,0,0,0,0,1,0,0,655,0,577,0,655,577,0,0,0,17,2,0
2020-11-30,579,579,0,50,4,77,5,3,8,0,0,0.2727,0.7273,0,0.7805,0.2195,0,657,0,578,0,657,578,0,11,0,17,13,0
2020-12-01,579,579,0,46,1,74,6,1,0,0,0,1,0,0,1,0,0,657,0,578,0,657,578,0,1,0,17,6,0
2020-12-02,579,579,0,20,1,79,6,1,0,0,0,1,0,0,0.9167,0.0417,0.0417,657,0,578,0,657,578,0,1,0,17,6,0
2020-12-03,579,579,0,22,3,81,7,5,1,0,0,0.8333,0.1667,0,0.8788,0.1212,0,657,0,578,0,657,578,0,6,0,17,12,0
2020-12-04,579,579,0,45,1,89,8,1,0,0,0,1,0,0,0.9815,0.0185,0,657,0,578,0,657,578,0,1,0,17,6,0
2020-12-05,579,579,0,10,0,88,8,0,0,0,0,0,0,0,1,0,0,657,0,578,0,657,578,0,0,0,17,2,0
2020-12-06,579,579,0,8,3,89,10,0,0,0,6,0,0,1,0.6,0.05,0.35,657,0,578,0,657,578,0,6,0,17,6,0
2020-12-07,579,579,0,49,3,93,7,1,0,0,2,0.3333,0,0.6667,0.918,0.0164,0.0656,657,0,578,0,657,578,0,3,0,17,6,0
2020-12-08,579,579,0,27,2,94,9,8,0,0,0,1,0,0,1,0,0,657,0,578,0,657,578,1,8,0,17,12,0
2020-12-09,579,579,0,30,3,95,9,4,0,0,0,1,0,0,1,0,0,657,0,578,0,657,578,0,4,0,17,9,0
2020-12-10,579,579,0,53,3,98,11,4,0,0,0,1,0,0,0.9903,0.0097,0,657,0,578,0,657,578,0,4,0,17,10,0
2020-12-11,579,579,0,24,3,98,11,3,0,0,0,1,0,0,0.9722,0,0.0278,657,0,578,0,657,578,0,3,0,17,9,0
2020-12-12,579,579,0,6,1,97,12,1,0,0,0,1,0,0,1,0,0,657,0,578,0,657,578,0,1,0,17,3,0
2020-12-13,579,579,0,5,0,96,11,0,0,0,0,0,0,0,1,0,0,657,0,578,0,657,578,0,0,0,17,13,0
2020-12-14,580,580,0,12,6,87,11,4,0,0,116,0.0333,0,0.9667,0.2358,0,0.7642,658,0,579,0,658,579,0,120,0,17,124,0
2020-12-15,580,580,0,5,3,83,11,1,0,0,119,0.0083,0,0.9917,0.0481,0,0.9519,658,0,579,0,658,579,0,120,0,17,123,0
2020-12-16,580,580,0,19,2,84,9,2,0,0,2,0.5,0,0.5,1,0,0,658,0,579,0,658,579,0,4,0,17,5,0
2020-12-17,580,580,0,13,4,54,9,6,0,0,28,0.1765,0,0.8235,0.5,0,0.5,658,0,579,0,658,579,0,34,0,17,39,0
2020-12-18,580,580,0,20,4,47,9,0,0,0,295,0,0,1,0.0627,0,0.9373,658,0,579,0,658,579,2,295,0,17,298,0
2020-12-19,580,580,0,12,2,45,9,21,0,0,13,0.6176,0,0.3824,0.9714,0,0.0286,658,0,579,0,658,579,0,34,0,17,35,0
2020-12-20,580,580,0,2,0,42,9,0,0,0,0,0,0,0,1,0,0,658,0,579,0,658,579,0,0,0,17,3,0
2020-12-21,580,580,0,10,2,42,6,0,0,0,6,0,0,1,0.9524,0,0.0476,658,0,579,0,658,579,0,6,0,17,8,0
2020-12-22,580,580,0,23,5,50,8,51,0,0,111,0.3148,0,0.6852,0.4109,0,0.5891,658,0,579,0,658,579,1,162,0,17,164,0
2020-12-23,580,580,0,6,3,45,8,2,1,0,132,0.0148,0.0074,0.9778,0.0407,0.0058,0.9535,658,0,579,0,658,579,2,135,0,17,147,0
2020-12-24,580,580,0,4,1,46,8,2,0,0,1,0.6667,0,0.3333,1,0,0,658,0,579,0,658,579,0,3,0,17,5,0
2020-12-25,580,580,0,2,0,41,6,0,0,0,0,0,0,0,0.75,0.25,0,658,0,579,0,658,579,0,0,0,17,2,0
2020-12-26,580,580,0,2,0,37,5,0,0,0,0,0,0,0,1,0,0,658,0,579,0,658,579,0,0,0,17,1,0
2020-12-27,580,580,0,1,0,36,5,0,0,0,0,0,0,0,1,0,0,658,0,579,0,658,579,0,0,0,17,3,0
2020-12-28,580,580,0,4,0,31,5,0,0,0,0,0,0,0,0.5,0.25,0.25,658,0,579,0,658,579,0,0,0,17,10,0
2020-12-29,580,580,0,4,0,19,3,0,0,0,0,0,0,0,1,0,0,658,0,579,0,658,579,0,0,0,17,1,0
2020-12-30,581,581,0,13,2,23,2,35,0,0,0,1,0,0,1,0,0,660,0,580,0,660,580,0,35,0,17,35,0
2020-12-31,581,581,0,10,1,29,2,1,0,0,0,1,0,0,0.9375,0,0.0625,660,0,580,0,660,580,0,1,0,17,4,0
2021-01-01,581,581,0,6,0,31,2,0,0,0,0,0,0,0,0.8571,0.1429,0,660,0,580,0,660,580,0,0,0,17,0,0
2021-01-02,581,581,0,2,0,32,2,0,0,0,0,0,0,0,1,0,0,660,0,580,0,660,580,0,0,0,17,0,0
2021-01-03,581,581,0,16,4,39,6,5,1,0,0,0.8333,0.1667,0,1,0,0,660,0,580,0,660,580,1,6,0,17,7,0
2021-01-04,581,581,0,29,7,50,10,7,20,0,0,0.2593,0.7407,0,0.5325,0.4545,0.013,660,0,580,0,660,580,7,27,0,17,33,0
2021-01-05,581,581,0,16,1,58,10,0,0,0,1,0,0,1,0.6,0.1714,0.2286,660,0,580,0,660,580,7,1,0,17,17,0
2021-01-06,581,581,0,14,4,58,9,1,5,0,0,0.1667,0.8333,0,0.8,0.2,0,660,0,580,0,660,580,0,6,0,17,8,0
2021-01-07,581,581,0,19,4,56,10,3,14,0,0,0.1765,0.8235,0,0.6596,0.3404,0,660,0,580,0,660,580,1,17,0,17,21,0
2021-01-08,581,581,0,23,7,59,13,9,17,0,7,0.2727,0.5152,0.2121,0.5634,0.338,0.0986,660,0,580,0,660,580,4,33,0,17,38,0
2021-01-09,581,581,0,18,3,60,14,5,3,0,0,0.625,0.375,0,0.8462,0.1282,0.0256,660,0,580,0,660,580,0,8,0,17,9,0
2021-01-10,581,581,0,9,1,58,13,0,3,0,0,0,1,0,0.7857,0.2143,0,660,0,580,0,660,580,0,3,0,17,4,0
2021-01-11,581,581,0,19,1,59,10,0,0,0,1,0,0,1,0.8667,0.1,0.0333,660,0,580,0,660,580,0,1,0,17,5,0
2021-01-12,581,581,0,42,2,71,11,1,1,0,0,0.5,0.5,0,0.898,0.102,0,660,0,580,0,660,580,0,2,0,17,4,0
2021-01-13,581,581,0,55,5,76,11,1,5,0,2,0.125,0.625,0.25,0.8451,0.1127,0.0423,660,0,580,0,660,580,0,8,0,17,11,0
2021-01-14,581,581,0,20,4,78,12,21,0,0,2,0.913,0,0.087,0.9882,0.0118,0,660,0,580,0,660,580,0,23,0,17,27,0
2021-01-15,581,581,0,24,6,79,13,3,8,0,5,0.1875,0.5,0.3125,0.7021,0.234,0.0638,660,0,580,0,660,580,0,16,0,17,16,0
2021-01-16,581,581,0,7,0,79,11,0,0,0,0,0,0,0,0.7778,0.2222,0,660,0,580,0,660,580,0,0,0,17,0,0
2021-01-17,581,581,0,1,0,78,11,0,0,0,0,0,0,0,1,0,0,660,0,580,0,660,580,0,0,0,17,0,0
2021-01-18,581,581,0,10,2,76,11,1,0,0,1,0.5,0,0.5,0.8333,0.0833,0.0833,660,0,580,0,660,580,0,2,0,17,3,0
2021-01-19,581,581,0,13,4,79,14,0,5,0,9,0,0.3571,0.6429,0.4615,0.359,0.1795,660,0,580,0,660,580,0,14,0,17,15,0
2021-01-20,581,581,0,54,8,78,15,16,9,0,135,0.1,0.0563,0.8438,0.4375,0.0625,0.5,660,0,580,0,660,580,2,160,0,17,162,0
2021-01-21,581,581,0,31,6,76,16,11,0,0,19,0.3667,0,0.6333,0.7917,0.0104,0.1979,660,0,580,0,660,580,0,30,0,17,37,0
2021-01-22,581,581,0,18,1,79,15,0,2,0,0,0,1,0,0.8636,0.1364,0,660,0,580,0,660,580,0,2,0,17,5,0
2021-01-23,581,581,0,3,0,80,15,0,0,0,0,0,0,0,0.6667,0.3333,0,660,0,580,0,660,580,0,0,0,17,0,0
2021-01-24,581,581,0,4,0,82,15,0,0,0,0,0,0,0,1,0,0,660,0,580,0,660,580,0,0,0,17,0,0
2021-01-25,581,581,0,25,8,87,16,2,41,0,1,0.0455,0.9318,0.0227,0.2762,0.7238,0,660,0,580,0,660,580,1,44,0,17,47,0
2021-01-26,581,581,0,29,10,86,15,2,125,0,69,0.0102,0.6378,0.352,0.1978,0.5522,0.25,660,0,580,0,660,580,2,196,0,17,201,0
2021-01-27,581,581,0,98,7,124,13,6,34,0,6,0.1304,0.7391,0.1304,0.7532,0.2255,0.0213,660,0,580,0,660,580,5,46,0,17,53,0
2021-01-28,581,581,0,44,7,134,11,12,17,0,5,0.3529,0.5,0.1471,0.6796,0.2718,0.0485,660,0,580,0,660,580,0,34,0,17,36,0
2021-01-29,582,582,0,30,7,138,13,9,9,0,3,0.4286,0.4286,0.1429,0.623,0.3279,0.0492,666,0,581,0,666,581,0,21,0,17,24,0
2021-01-30,583,583,0,0,0,136,13,0,0,0,0,0,0,0,0,0,0,666,0,582,0,666,582,0,0,0,17,0,0
2021-01-31,583,583,0,4,1,135,13,0,0,0,3,0,0,1,0.4286,0.1429,0.4286,666,0,582,0,666,582,0,3,0,17,3,0
2021-02-01,586,586,0,16,3,140,13,0,1,0,2,0,0.3333,0.6667,0.5926,0.1852,0.2222,666,0,585,0,666,585,0,3,0,17,6,0
2021-02-02,588,588,0,37,3,147,14,4,0,0,0,1,0,0,0.9,0,0.1,669,0,587,0,669,587,0,4,0,17,9,0
2021-02-03,589,589,0,33,4,98,16,8,0,0,0,1,0,0,0.9767,0,0.0233,669,0,588,0,669,588,2,8,0,17,18,0
2021-02-04,589,589,0,50,6,92,15,6,8,0,0,0.4286,0.5714,0,0.8022,0.1538,0.044,669,0,588,0,669,588,1,14,0,17,24,0
2021-02-05,592,592,0,23,4,86,13,1,2,0,27,0.0333,0.0667,0.9,0.431,0.0345,0.5345,673,0,591,0,673,591,0,30,0,17,31,0
2021-02-06,592,592,0,36,3,93,14,2,2,0,1,0.4,0.4,0.2,0.8605,0.1163,0.0233,673,0,591,0,673,591,1,5,0,17,7,0
2021-02-07,592,592,0,23,3,96,14,3,0,0,0,1,0,0,0.9722,0,0.0278,673,0,591,0,673,591,0,3,0,17,4,0
2021-02-08,592,592,0,22,3,92,14,4,0,0,0,1,0,0,0.9355,0.0323,0.0323,673,0,591,0,673,591,0,4,0,17,9,0
2021-02-09,592,592,0,12,1,92,14,1,0,0,0,1,0,0,0.85,0.05,0.1,673,0,591,0,673,591,0,1,0,17,7,0
2021-02-10,592,592,0,40,10,101,15,21,2,0,9,0.6563,0.0625,0.2813,0.8316,0.0632,0.1053,673,0,591,0,673,591,0,32,0,17,38,0
2021-02-11,593,593,0,28,9,105,18,9,2,0,4,0.6,0.1333,0.2667,0.6462,0.2615,0.0923,673,0,592,0,673,592,0,15,0,17,19,0
2021-02-12,593,593,0,19,4,107,17,1,2,0,8,0.0909,0.1818,0.7273,0.5217,0.2826,0.1957,673,0,592,0,673,592,0,11,0,17,19,0
2021-02-13,593,593,0,11,1,92,17,0,1,0,0,0,1,0,0.5789,0.4211,0,673,0,592,0,673,592,0,1,0,17,1,0
2021-02-14,596,596,0,9,1,86,16,0,1,0,0,0,1,0,0.5333,0.4,0.0667,682,0,595,0,682,595,0,1,0,17,2,0
2021-02-15,601,601,0,18,1,82,15,0,1,0,0,0,1,0,0.7,0.3,0,682,0,600,0,682,600,0,1,0,17,4,0
2021-02-16,603,603,0,16,5,83,15,0,4,0,1,0,0.8,0.2,0.1333,0.7,0.1667,686,0,602,0,686,602,3,5,0,17,17,0
2021-02-17,604,604,0,11,3,67,12,0,9,0,0,0,1,0,0.2,0.7,0.1,686,0,603,0,686,603,0,9,0,17,13,0
2021-02-18,604,604,0,24,4,66,10,7,11,0,16,0.2059,0.3235,0.4706,0.3875,0.35,0.2625,686,0,603,0,686,603,0,34,0,17,45,0
2021-02-19,604,604,0,29,7,64,11,5,5,0,73,0.0602,0.0602,0.8795,0.248,0.192,0.56,686,0,603,0,686,603,0,83,0,17,88,0
2021-02-20,604,604,0,8,1,63,11,0,1,0,0,0,1,0,0.1667,0.8333,0,686,0,603,0,686,603,0,1,0,17,1,0
2021-02-21,604,604,0,16,1,66,11,1,0,0,0,1,0,0,0.7586,0.1724,0.069,686,0,603,0,686,603,2,1,0,17,4,0
2021-02-22,604,604,0,34,10,62,12,4,12,0,79,0.0421,0.1263,0.8316,0.3868,0.1604,0.4528,686,0,603,0,686,603,0,95,0,17,100,0
2021-02-23,605,605,0,19,5,64,13,0,7,0,19,0,0.2692,0.7308,0.1667,0.4167,0.4167,687,0,604,0,687,604,0,26,0,17,29,0
2021-02-24,605,605,0,22,8,69,16,1,2,0,9,0.0833,0.1667,0.75,0.5366,0.2195,0.2439,687,0,604,0,687,604,0,12,0,17,15,0
2021-02-25,605,605,0,23,5,68,16,4,22,0,3,0.1379,0.7586,0.1034,0.3194,0.6528,0.0278,687,0,604,0,687,604,0,29,0,17,32,0
2021-02-26,605,605,0,25,6,66,16,0,10,0,2,0,0.8333,0.1667,0.1481,0.7778,0.0741,687,0,604,0,687,604,0,12,0,17,14,0
2021-02-27,605,605,0,3,1,65,16,0,4,0,0,0,1,0,0,1,0,687,0,604,0,687,604,0,4,0,17,4,0
2021-02-28,605,605,0,9,3,65,16,0,2,0,3,0,0.4,0.6,0.4,0.4,0.2,687,0,604,0,687,604,0,5,0,17,6,0
2021-03-01,605,605,0,18,12,54,15,0,14,0,19,0,0.4242,0.5758,0.0141,0.7324,0.2535,687,0,604,0,687,604,0,33,0,17,37,0
2021-03-02,605,605,0,14,5,51,16,0,5,0,13,0,0.2778,0.7222,0,0.6563,0.3438,687,0,604,0,687,604,0,18,0,17,22,0
2021-03-03,605,605,0,38,6,60,16,7,0,0,91,0.0714,0,0.9286,0.359,0.0192,0.6218,687,0,604,0,687,604,4,98,0,17,103,0
2021-03-04,605,605,0,40,4,77,17,5,0,0,12,0.2941,0,0.7059,0.8,0,0.2,687,0,604,0,687,604,1,17,0,17,21,0
2021-03-05,606,606,0,15,4,79,15,3,6,0,1,0.3,0.6,0.1,0.5714,0.3929,0.0357,689,0,605,0,689,605,0,10,0,17,12,0
2021-03-06,606,606,0,4,1,80,15,1,0,0,0,1,0,0,0.5,0.5,0,689,0,605,0,689,605,0,1,0,17,1,0
2021-03-07,606,606,0,6,1,81,15,0,1,0,0,0,1,0,0.8182,0.1818,0,689,0,605,0,689,605,0,1,0,17,3,0
2021-03-08,606,606,0,20,8,85,15,0,18,0,3,0,0.8571,0.1429,0.1408,0.8169,0.0423,689,0,605,0,689,605,0,21,0,17,27,0
2021-03-09,606,606,0,35,8,89,15,2,10,0,14,0.0769,0.3846,0.5385,0.5,0.3778,0.1222,689,0,605,0,689,605,1,26,0,17,33,0
2021-03-10,606,606,0,19,8,83,15,1,10,0,27,0.0263,0.2632,0.7105,0.1905,0.3651,0.4444,689,0,605,0,689,605,1,38,0,17,43,0
2021-03-11,606,606,0,47,10,76,18,13,5,0,42,0.2364,0.0909,0.7636,0.6696,0.0609,0.2696,689,0,605,0,689,605,3,55,0,17,65,0
2021-03-12,606,606,0,26,3,81,16,1,2,0,3,0.2,0.4,0.6,0.7647,0.0588,0.1765,689,0,605,0,689,605,0,5,0,17,14,0
2021-03-13,606,606,0,6,1,84,16,1,0,0,1,1,0,1,0.7857,0.0714,0.1429,689,0,605,0,689,605,0,1,0,17,5,0
2021-03-14,606,606,0,7,0,83,16,0,0,0,0,0,0,0,0.8,0.0667,0.1333,689,0,605,0,689,605,0,0,0,17,2,0
2021-03-15,607,607,0,17,6,84,16,0,18,0,27,0,0.4,0.6,0.1774,0.3226,0.5,691,0,606,0,691,606,1,45,0,17,47,0
2021-03-16,609,609,0,24,9,85,15,5,52,0,20,0.0658,0.6842,0.2632,0.2339,0.5968,0.1694,692,0,608,0,692,608,12,76,0,17,84,0
2021-03-17,609,609,0,109,2,128,14,0,8,0,0,0,1,0,0.863,0.1164,0.0205,692,0,608,0,692,608,2,8,0,17,13,0
2021-03-18,609,609,0,40,9,133,13,17,2,0,25,0.3864,0.0455,0.5682,0.6055,0.1468,0.2477,692,0,608,0,692,608,0,44,0,17,48,0
2021-03-19,609,609,0,21,3,134,12,0,3,0,9,0,0.25,0.75,0.4054,0.3514,0.2432,692,0,608,0,692,608,0,12,0,17,16,0
2021-03-20,609,609,0,9,4,135,12,0,1,0,19,0,0.05,0.95,0.1304,0.3043,0.5652,692,0,608,0,692,608,5,20,0,17,25,0
2021-03-21,612,612,0,9,4,138,12,0,2,0,3,0,0.4,0.6,0.3684,0.3684,0.2632,699,0,611,0,699,611,2,5,0,17,8,0
2021-03-22,618,618,0,19,7,145,14,0,5,0,16,0,0.2381,0.7619,0.234,0.4255,0.3404,705,0,617,0,705,617,2,21,0,17,29,0
2021-03-23,618,618,0,14,3,150,12,0,2,0,2,0,0.5,0.5,0.5909,0.3182,0.0909,705,0,617,0,705,617,0,4,0,17,14,0
2021-03-24,620,620,0,18,3,79,13,0,4,0,3,0,0.5714,0.4286,0.4348,0.1739,0.3913,705,0,619,0,705,619,3,7,0,17,16,0
2021-03-25,620,620,0,31,8,76,11,4,5,0,49,0.069,0.0862,0.8448,0.2857,0.0879,0.6264,705,0,619,0,705,619,2,58,0,17,70,0
2021-03-26,620,620,0,21,0,76,11,0,0,0,0,0,0,0,0.92,0,0.08,705,0,619,0,705,619,1,0,0,17,9,0
2021-03-27,620,620,0,3,0,75,11,0,0,0,0,0,0,0,0.6667,0,0.3333,705,0,619,0,705,619,0,0,0,17,0,0
2021-03-28,622,622,0,3,1,73,11,2,0,0,2,1,0,1,0.75,0,0.25,705,0,621,0,705,621,0,2,0,17,3,0
2021-03-29,623,623,0,39,2,82,11,2,0,0,1,1,0,0.5,0.92,0.02,0.06,706,0,622,0,706,622,0,2,0,17,7,0
2021-03-30,623,623,0,19,2,89,11,0,0,0,2,0,0,1,0.8095,0,0.1905,706,0,622,0,706,622,0,2,0,17,6,0
2021-03-31,623,623,0,8,3,84,10,2,0,0,11,0.1818,0,1,0.3214,0.0357,0.6429,706,0,622,0,706,622,6,11,0,17,17,0
2021-04-01,623,623,0,23,5,77,7,8,2,0,10,0.4211,0.1053,0.5263,0.902,0.0392,0.0588,706,0,622,0,706,622,1,19,0,17,25,0
2021-04-02,623,623,0,30,3,82,8,7,0,0,49,0.1273,0,0.8909,0.4353,0.0118,0.5529,706,0,622,0,706,622,3,55,0,17,58,0
2021-04-03,623,623,0,10,0,81,8,0,0,0,0,0,0,0,0.9091,0,0.0909,706,0,622,0,706,622,0,0,0,17,0,0
2021-04-04,623,623,0,2,0,81,8,0,0,0,0,0,0,0,1,0,0,706,0,622,0,706,622,0,0,0,17,0,0
2021-04-05,623,623,0,20,2,70,7,1,1,0,0,0.5,0.5,0,0.7179,0.2564,0.0256,706,0,622,0,706,622,0,2,0,17,4,0
2021-04-06,622,622,0,29,3,64,8,2,0,0,3,0.6667,0,1,0.7826,0.1087,0.1087,707,0,621,0,707,621,0,3,0,17,6,0
2021-04-07,623,623,0,6,0,67,8,0,0,0,0,0,0,0,0.9286,0.0714,0,707,0,622,0,707,622,0,0,0,17,2,0
2021-04-08,623,623,0,20,4,68,9,16,0,0,23,0.4103,0,0.5897,0.5955,0,0.4045,707,0,622,0,707,622,0,39,0,17,42,0
2021-04-09,623,623,0,15,1,63,8,2,0,0,2,1,0,1,0.8889,0,0.1111,707,0,622,0,707,622,0,2,0,17,2,0
2021-04-10,623,623,0,7,3,60,8,1,0,0,3,0.3333,0,1,0.5,0,0.5,707,0,622,0,707,622,0,3,0,17,3,0
2021-04-11,623,623,0,5,0,62,8,0,0,0,0,0,0,0,0.9286,0,0.0714,707,0,622,0,707,622,0,0,0,17,0,0
2021-04-12,623,623,0,25,4,63,10,3,6,0,17,0.1154,0.2308,0.6538,0.6327,0.1429,0.2245,707,0,622,0,707,622,0,26,0,17,31,0
2021-04-13,624,624,0,12,7,54,14,5,3,0,22,0.1923,0.1154,0.8462,0.3261,0.2174,0.4565,708,0,623,0,708,623,0,26,0,17,32,0
2021-04-14,624,624,0,19,4,57,14,2,1,0,3,0.4,0.2,0.6,0.6071,0.25,0.1429,708,0,623,0,708,623,0,5,0,17,10,0
2021-04-15,624,624,0,26,5,57,14,8,0,0,14,0.381,0,0.6667,0.7931,0,0.2069,708,0,623,0,708,623,0,21,0,17,27,0
2021-04-16,624,624,0,20,4,59,15,1,3,0,20,0.0435,0.1304,0.8696,0.2727,0.2727,0.4545,708,0,623,0,708,623,0,23,0,17,28,0
2021-04-17,624,624,0,8,3,61,14,4,0,0,5,0.8,0,1,0.5,0.2222,0.2778,708,0,623,0,708,623,0,5,0,17,5,0
2021-04-18,624,624,0,3,2,58,14,1,2,0,1,0.3333,0.6667,0.3333,0.4,0.2,0.4,708,0,623,0,708,623,0,3,0,17,3,0
2021-04-19,624,624,0,17,7,52,15,0,13,0,22,0,0.3714,0.6286,0.2031,0.4688,0.3281,708,0,623,0,708,623,0,35,0,17,41,0
2021-04-20,624,624,0,9,1,53,12,0,0,0,1,0,0,1,0.5833,0.25,0.1667,708,0,623,0,708,623,0,1,0,17,5,0
2021-04-21,624,624,0,9,5,50,13,1,20,0,1,0.0476,0.9524,0.0476,0.1053,0.8158,0.0789,708,0,623,0,708,623,0,21,0,17,25,0
2021-04-22,624,624,0,22,7,49,13,7,4,0,2,0.5385,0.3077,0.1538,0.85,0.125,0.025,708,0,623,0,708,623,4,13,0,17,21,0
2021-04-23,624,624,0,25,7,49,13,7,2,0,72,0.0909,0.026,0.9351,0.2613,0.1441,0.5946,708,0,623,0,708,623,0,77,0,17,78,0
2021-04-24,624,624,0,7,0,49,13,0,0,0,0,0,0,0,0.875,0.125,0,708,0,623,0,708,623,0,0,0,17,0,0
2021-04-25,624,624,0,17,5,56,14,27,0,0,3,0.9643,0,0.1071,0.8611,0,0.1389,708,0,623,0,708,623,0,28,0,17,28,0
2021-04-26,625,625,0,64,12,87,15,38,7,0,47,0.7037,0.1296,0.8704,0.6031,0.0876,0.3093,717,0,624,0,717,624,0,54,0,18,61,2
2021-04-27,631,631,0,26,10,91,16,1,15,0,110,0.0079,0.119,0.873,0.1063,0.1938,0.7,717,0,630,0,717,630,0,126,0,18,134,0
2021-04-28,631,631,0,34,8,99,16,24,1,0,19,0.8571,0.0357,0.6786,0.6477,0.0227,0.3295,717,0,630,0,717,630,0,28,0,18,38,0
2021-04-29,631,631,0,23,9,100,17,4,3,0,82,0.0449,0.0337,0.9213,0.1802,0.0721,0.7477,717,0,630,0,717,630,1,89,0,18,95,0
2021-04-30,631,631,0,37,8,107,18,0,5,0,36,0,0.122,0.878,0.4831,0.1011,0.4157,717,0,630,0,717,630,1,41,0,18,46,0
2021-05-01,631,631,0,8,2,107,18,0,1,0,1,0,0.5,0.5,0.7,0.1,0.2,717,0,630,0,717,630,0,2,0,18,2,0
2021-05-02,631,631,0,9,1,104,18,0,0,0,2,0,0,1,0.8,0.1,0.1,717,0,630,0,717,630,0,2,0,18,2,0
